highlight_file,segment_idx,highlight_start_s,highlight_end_s,stream_start_s,stream_end_s,duration_s,mean_ncc,n_windows,method,highlight_start_hms,highlight_end_hms,stream_start_hms,stream_end_hms
Gawr Gura Begins her MINECRAFT Journey! Best Moments! - Hololive EN Highlights [kwoZkGGZlv4].mkv,1,0.0,12.0,6038.0,6050.0,12.0,0.7828,3,audio_mel_ncc,0:00,0:12,1:40:38,1:40:50
Gawr Gura Begins her MINECRAFT Journey! Best Moments! - Hololive EN Highlights [kwoZkGGZlv4].mkv,2,10.0,23.0,9863.0,9876.0,13.0,0.7654,4,audio_mel_ncc,0:10,0:23,2:44:23,2:44:36
Gawr Gura Begins her MINECRAFT Journey! Best Moments! - Hololive EN Highlights [kwoZkGGZlv4].mkv,3,25.0,38.0,11532.0,11545.0,13.0,0.7657,4,audio_mel_ncc,0:25,0:38,3:12:12,3:12:25
Gawr Gura Begins her MINECRAFT Journey! Best Moments! - Hololive EN Highlights [kwoZkGGZlv4].mkv,4,30.0,42.0,6292.0,6304.0,12.0,0.8019,3,audio_mel_ncc,0:30,0:42,1:44:52,1:45:04
Gawr Gura Begins her MINECRAFT Journey! Best Moments! - Hololive EN Highlights [kwoZkGGZlv4].mkv,5,39.0,51.0,7344.0,7356.0,12.0,0.8036,3,audio_mel_ncc,0:39,0:51,2:02:24,2:02:36
Gawr Gura Begins her MINECRAFT Journey! Best Moments! - Hololive EN Highlights [kwoZkGGZlv4].mkv,6,49.0,61.0,2205.0,2217.0,12.0,0.7185,3,audio_mel_ncc,0:49,1:01,36:45,36:57
Gawr Gura Begins her MINECRAFT Journey! Best Moments! - Hololive EN Highlights [kwoZkGGZlv4].mkv,7,54.0,67.0,367.0,380.0,13.0,0.7228,4,audio_mel_ncc,0:54,1:07,6:07,6:20
Gawr Gura Begins her MINECRAFT Journey! Best Moments! - Hololive EN Highlights [kwoZkGGZlv4].mkv,8,73.0,85.0,2481.0,2493.0,12.0,0.8305,3,audio_mel_ncc,1:13,1:25,41:21,41:33
Gawr Gura Begins her MINECRAFT Journey! Best Moments! - Hololive EN Highlights [kwoZkGGZlv4].mkv,9,80.0,94.0,7349.0,7363.0,14.0,0.7955,5,audio_mel_ncc,1:20,1:34,2:02:29,2:02:43
Gawr Gura Begins her MINECRAFT Journey! Best Moments! - Hololive EN Highlights [kwoZkGGZlv4].mkv,10,90.0,102.0,9856.0,9868.0,12.0,0.7916,3,audio_mel_ncc,1:30,1:42,2:44:16,2:44:28
Gawr Gura Begins her MINECRAFT Journey! Best Moments! - Hololive EN Highlights [kwoZkGGZlv4].mkv,11,100.0,117.0,3278.0,3295.0,17.0,0.8261,8,audio_mel_ncc,1:40,1:57,54:38,54:55
Gawr Gura Begins her MINECRAFT Journey! Best Moments! - Hololive EN Highlights [kwoZkGGZlv4].mkv,12,112.0,131.0,619.0,638.0,19.0,0.8652,10,audio_mel_ncc,1:52,2:11,10:19,10:38
Gawr Gura Begins her MINECRAFT Journey! Best Moments! - Hololive EN Highlights [kwoZkGGZlv4].mkv,13,124.0,137.0,116.0,129.0,13.0,0.82,4,audio_mel_ncc,2:04,2:17,1:56,2:09
Gawr Gura Begins her MINECRAFT Journey! Best Moments! - Hololive EN Highlights [kwoZkGGZlv4].mkv,14,139.0,154.0,10961.0,10976.0,15.0,0.7544,6,audio_mel_ncc,2:19,2:34,3:02:41,3:02:56
Gawr Gura Begins her MINECRAFT Journey! Best Moments! - Hololive EN Highlights [kwoZkGGZlv4].mkv,15,155.0,167.0,124.0,136.0,12.0,0.7992,3,audio_mel_ncc,2:35,2:47,2:04,2:16
Gawr Gura Begins her MINECRAFT Journey! Best Moments! - Hololive EN Highlights [kwoZkGGZlv4].mkv,16,158.0,171.0,1812.0,1825.0,13.0,0.7897,4,audio_mel_ncc,2:38,2:51,30:12,30:25
Gawr Gura Begins her MINECRAFT Journey! Best Moments! - Hololive EN Highlights [kwoZkGGZlv4].mkv,17,164.0,176.0,4826.0,4838.0,12.0,0.7447,3,audio_mel_ncc,2:44,2:56,1:20:26,1:20:38
Gawr Gura Begins her MINECRAFT Journey! Best Moments! - Hololive EN Highlights [kwoZkGGZlv4].mkv,18,167.0,179.0,4910.0,4922.0,12.0,0.718,3,audio_mel_ncc,2:47,2:59,1:21:50,1:22:02
Gawr Gura Begins her MINECRAFT Journey! Best Moments! - Hololive EN Highlights [kwoZkGGZlv4].mkv,19,170.0,182.0,433.0,445.0,12.0,0.7311,3,audio_mel_ncc,2:50,3:02,7:13,7:25
Gawr Gura Begins her MINECRAFT Journey! Best Moments! - Hololive EN Highlights [kwoZkGGZlv4].mkv,20,173.0,185.0,6327.0,6339.0,12.0,0.7926,3,audio_mel_ncc,2:53,3:05,1:45:27,1:45:39
Gawr Gura Begins her MINECRAFT Journey! Best Moments! - Hololive EN Highlights [kwoZkGGZlv4].mkv,21,198.0,210.0,9853.0,9865.0,12.0,0.8326,3,audio_mel_ncc,3:18,3:30,2:44:13,2:44:25
Gawr Gura Begins her MINECRAFT Journey! Best Moments! - Hololive EN Highlights [kwoZkGGZlv4].mkv,22,227.0,242.0,4216.0,4231.0,15.0,0.7664,6,audio_mel_ncc,3:47,4:02,1:10:16,1:10:31
Gawr Gura Begins her MINECRAFT Journey! Best Moments! - Hololive EN Highlights [kwoZkGGZlv4].mkv,23,240.0,254.0,2166.0,2180.0,14.0,0.7403,5,audio_mel_ncc,4:00,4:14,36:06,36:20
Gawr Gura Begins her MINECRAFT Journey! Best Moments! - Hololive EN Highlights [kwoZkGGZlv4].mkv,24,245.0,258.0,4335.0,4348.0,13.0,0.7816,4,audio_mel_ncc,4:05,4:18,1:12:15,1:12:28
Gawr Gura Begins her MINECRAFT Journey! Best Moments! - Hololive EN Highlights [kwoZkGGZlv4].mkv,25,256.0,268.0,4577.0,4589.0,12.0,0.8119,3,audio_mel_ncc,4:16,4:28,1:16:17,1:16:29
Gawr Gura Begins her MINECRAFT Journey! Best Moments! - Hololive EN Highlights [kwoZkGGZlv4].mkv,26,262.0,277.0,1234.0,1249.0,15.0,0.8277,6,audio_mel_ncc,4:22,4:37,20:34,20:49
Gawr Gura Begins her MINECRAFT Journey! Best Moments! - Hololive EN Highlights [kwoZkGGZlv4].mkv,27,272.0,285.0,4461.0,4474.0,13.0,0.79,4,audio_mel_ncc,4:32,4:45,1:14:21,1:14:34
Gawr Gura Begins her MINECRAFT Journey! Best Moments! - Hololive EN Highlights [kwoZkGGZlv4].mkv,28,286.0,298.0,8716.0,8728.0,12.0,0.6943,3,audio_mel_ncc,4:46,4:58,2:25:16,2:25:28
Gawr Gura Begins her MINECRAFT Journey! Best Moments! - Hololive EN Highlights [kwoZkGGZlv4].mkv,29,302.0,314.0,7378.0,7390.0,12.0,0.7924,3,audio_mel_ncc,5:02,5:14,2:02:58,2:03:10
Gawr Gura Begins her MINECRAFT Journey! Best Moments! - Hololive EN Highlights [kwoZkGGZlv4].mkv,30,305.0,321.0,3363.0,3379.0,16.0,0.8414,7,audio_mel_ncc,5:05,5:21,56:03,56:19
Gawr Gura Begins her MINECRAFT Journey! Best Moments! - Hololive EN Highlights [kwoZkGGZlv4].mkv,31,315.0,331.0,1717.0,1733.0,16.0,0.8765,7,audio_mel_ncc,5:15,5:31,28:37,28:53
Gawr Gura Begins her MINECRAFT Journey! Best Moments! - Hololive EN Highlights [kwoZkGGZlv4].mkv,32,330.0,345.0,10783.0,10798.0,15.0,0.8222,6,audio_mel_ncc,5:30,5:45,2:59:43,2:59:58
Gawr Gura Begins her MINECRAFT Journey! Best Moments! - Hololive EN Highlights [kwoZkGGZlv4].mkv,33,340.0,358.0,1746.0,1764.0,18.0,0.8765,9,audio_mel_ncc,5:40,5:58,29:06,29:24
Gawr Gura Begins her MINECRAFT Journey! Best Moments! - Hololive EN Highlights [kwoZkGGZlv4].mkv,34,349.0,362.0,9802.0,9815.0,13.0,0.7457,4,audio_mel_ncc,5:49,6:02,2:43:22,2:43:35
Gawr Gura Begins her MINECRAFT Journey! Best Moments! - Hololive EN Highlights [kwoZkGGZlv4].mkv,35,355.0,367.0,3849.0,3861.0,12.0,0.7559,3,audio_mel_ncc,5:55,6:07,1:04:09,1:04:21
Gawr Gura Begins her MINECRAFT Journey! Best Moments! - Hololive EN Highlights [kwoZkGGZlv4].mkv,36,360.0,374.0,5702.0,5716.0,14.0,0.7688,5,audio_mel_ncc,6:00,6:14,1:35:02,1:35:16
Gawr Gura Begins her MINECRAFT Journey! Best Moments! - Hololive EN Highlights [kwoZkGGZlv4].mkv,37,380.0,394.0,7389.0,7403.0,14.0,0.7295,5,audio_mel_ncc,6:20,6:34,2:03:09,2:03:23
Gawr Gura Begins her MINECRAFT Journey! Best Moments! - Hololive EN Highlights [kwoZkGGZlv4].mkv,38,396.0,408.0,7382.0,7394.0,12.0,0.7659,3,audio_mel_ncc,6:36,6:48,2:03:02,2:03:14
Gawr Gura Begins her MINECRAFT Journey! Best Moments! - Hololive EN Highlights [kwoZkGGZlv4].mkv,39,416.0,430.0,2205.0,2219.0,14.0,0.8263,5,audio_mel_ncc,6:56,7:10,36:45,36:59
Gawr Gura Begins her MINECRAFT Journey! Best Moments! - Hololive EN Highlights [kwoZkGGZlv4].mkv,40,423.0,435.0,5549.0,5561.0,12.0,0.7688,3,audio_mel_ncc,7:03,7:15,1:32:29,1:32:41
Gawr Gura Begins her MINECRAFT Journey! Best Moments! - Hololive EN Highlights [kwoZkGGZlv4].mkv,41,427.0,439.0,1717.0,1729.0,12.0,0.8211,3,audio_mel_ncc,7:07,7:19,28:37,28:49
Gawr Gura Begins her MINECRAFT Journey! Best Moments! - Hololive EN Highlights [kwoZkGGZlv4].mkv,42,437.0,450.0,2215.0,2228.0,13.0,0.8191,4,audio_mel_ncc,7:17,7:30,36:55,37:08
Gawr Gura Begins her MINECRAFT Journey! Best Moments! - Hololive EN Highlights [kwoZkGGZlv4].mkv,43,443.0,455.0,2641.0,2653.0,12.0,0.8293,3,audio_mel_ncc,7:23,7:35,44:01,44:13
Gawr Gura Begins her MINECRAFT Journey! Best Moments! - Hololive EN Highlights [kwoZkGGZlv4].mkv,44,446.0,460.0,10907.0,10921.0,14.0,0.7886,5,audio_mel_ncc,7:26,7:40,3:01:47,3:02:01
Gawr Gura Begins her MINECRAFT Journey! Best Moments! - Hololive EN Highlights [kwoZkGGZlv4].mkv,45,472.0,486.0,5689.0,5703.0,14.0,0.8712,5,audio_mel_ncc,7:52,8:06,1:34:49,1:35:03
Gawr Gura Begins her MINECRAFT Journey! Best Moments! - Hololive EN Highlights [kwoZkGGZlv4].mkv,46,487.0,502.0,9856.0,9871.0,15.0,0.7965,6,audio_mel_ncc,8:07,8:22,2:44:16,2:44:31
Gawr Gura Begins her MINECRAFT Journey! Best Moments! - Hololive EN Highlights [kwoZkGGZlv4].mkv,47,494.0,506.0,4549.0,4561.0,12.0,0.744,3,audio_mel_ncc,8:14,8:26,1:15:49,1:16:01
Gawr Gura Begins her MINECRAFT Journey! Best Moments! - Hololive EN Highlights [kwoZkGGZlv4].mkv,48,497.0,509.0,9806.0,9818.0,12.0,0.7665,3,audio_mel_ncc,8:17,8:29,2:43:26,2:43:38
Gawr Gura Begins her MINECRAFT Journey! Best Moments! - Hololive EN Highlights [kwoZkGGZlv4].mkv,49,506.0,522.0,4928.0,4944.0,16.0,0.8181,7,audio_mel_ncc,8:26,8:42,1:22:08,1:22:24
Gawr Gura Begins her MINECRAFT Journey! Best Moments! - Hololive EN Highlights [kwoZkGGZlv4].mkv,50,520.0,532.0,2198.0,2210.0,12.0,0.7909,3,audio_mel_ncc,8:40,8:52,36:38,36:50
Gawr Gura Begins her MINECRAFT Journey! Best Moments! - Hololive EN Highlights [kwoZkGGZlv4].mkv,51,534.0,546.0,1893.0,1905.0,12.0,0.689,3,audio_mel_ncc,8:54,9:06,31:33,31:45
Gawr Gura Begins her MINECRAFT Journey! Best Moments! - Hololive EN Highlights [kwoZkGGZlv4].mkv,52,539.0,552.0,10953.0,10966.0,13.0,0.7559,4,audio_mel_ncc,8:59,9:12,3:02:33,3:02:46
Gawr Gura Begins her MINECRAFT Journey! Best Moments! - Hololive EN Highlights [kwoZkGGZlv4].mkv,53,544.0,556.0,4336.0,4348.0,12.0,0.8074,3,audio_mel_ncc,9:04,9:16,1:12:16,1:12:28
Gawr Gura Begins her MINECRAFT Journey! Best Moments! - Hololive EN Highlights [kwoZkGGZlv4].mkv,54,547.0,559.0,94.0,106.0,12.0,0.8307,3,audio_mel_ncc,9:07,9:19,1:34,1:46
Gawr Gura Begins her MINECRAFT Journey! Best Moments! - Hololive EN Highlights [kwoZkGGZlv4].mkv,55,553.0,567.0,2196.0,2210.0,14.0,0.8161,5,audio_mel_ncc,9:13,9:27,36:36,36:50
Gawr Gura Begins her MINECRAFT Journey! Best Moments! - Hololive EN Highlights [kwoZkGGZlv4].mkv,56,567.0,579.0,9851.0,9863.0,12.0,0.7625,3,audio_mel_ncc,9:27,9:39,2:44:11,2:44:23
Gawr Gura Begins her MINECRAFT Journey! Best Moments! - Hololive EN Highlights [kwoZkGGZlv4].mkv,57,574.0,588.0,11606.0,11620.0,14.0,0.7728,5,audio_mel_ncc,9:34,9:48,3:13:26,3:13:40
Gawr Gura Begins her MINECRAFT Journey! Best Moments! - Hololive EN Highlights [kwoZkGGZlv4].mkv,58,585.0,598.0,3999.0,4012.0,13.0,0.7828,4,audio_mel_ncc,9:45,9:58,1:06:39,1:06:52
Gawr Gura Begins her MINECRAFT Journey! Best Moments! - Hololive EN Highlights [kwoZkGGZlv4].mkv,59,589.0,604.0,11834.0,11849.0,15.0,0.8013,6,audio_mel_ncc,9:49,10:04,3:17:14,3:17:29
Gawr Gura Begins her MINECRAFT Journey! Best Moments! - Hololive EN Highlights [kwoZkGGZlv4].mkv,60,597.0,609.0,485.0,497.0,12.0,0.8308,3,audio_mel_ncc,9:57,10:09,8:05,8:17
Gawr Gura Begins her MINECRAFT Journey! Best Moments! - Hololive EN Highlights [kwoZkGGZlv4].mkv,61,602.0,619.0,3904.0,3921.0,17.0,0.8392,8,audio_mel_ncc,10:02,10:19,1:05:04,1:05:21
Gawr Gura Begins her MINECRAFT Journey! Best Moments! - Hololive EN Highlights [kwoZkGGZlv4].mkv,62,614.0,627.0,2201.0,2214.0,13.0,0.8288,4,audio_mel_ncc,10:14,10:27,36:41,36:54
Gawr Gura Begins her MINECRAFT Journey! Best Moments! - Hololive EN Highlights [kwoZkGGZlv4].mkv,63,630.0,642.0,11495.0,11507.0,12.0,0.8486,3,audio_mel_ncc,10:30,10:42,3:11:35,3:11:47
Gawr Gura Begins her MINECRAFT Journey! Best Moments! - Hololive EN Highlights [kwoZkGGZlv4].mkv,64,636.0,648.0,671.0,683.0,12.0,0.831,3,audio_mel_ncc,10:36,10:48,11:11,11:23
Gawr Gura Begins her MINECRAFT Journey! Best Moments! - Hololive EN Highlights [kwoZkGGZlv4].mkv,65,644.0,656.0,2169.0,2181.0,12.0,0.7743,3,audio_mel_ncc,10:44,10:56,36:09,36:21
Gawr Gura Begins her MINECRAFT Journey! Best Moments! - Hololive EN Highlights [kwoZkGGZlv4].mkv,66,647.0,659.0,11061.0,11073.0,12.0,0.8097,3,audio_mel_ncc,10:47,10:59,3:04:21,3:04:33
Gawr Gura Begins her MINECRAFT Journey! Best Moments! - Hololive EN Highlights [kwoZkGGZlv4].mkv,67,652.0,675.0,3544.0,3567.0,23.0,0.8982,14,audio_mel_ncc,10:52,11:15,59:04,59:27
Gawr Gura Begins her MINECRAFT Journey! Best Moments! - Hololive EN Highlights [kwoZkGGZlv4].mkv,68,669.0,681.0,3659.0,3671.0,12.0,0.7977,3,audio_mel_ncc,11:09,11:21,1:00:59,1:01:11
Gawr Gura Begins her MINECRAFT Journey! Best Moments! - Hololive EN Highlights [kwoZkGGZlv4].mkv,69,672.0,684.0,5839.0,5851.0,12.0,0.8416,3,audio_mel_ncc,11:12,11:24,1:37:19,1:37:31
Gawr Gura Begins her MINECRAFT Journey! Best Moments! - Hololive EN Highlights [kwoZkGGZlv4].mkv,70,680.0,692.0,115.0,127.0,12.0,0.7905,3,audio_mel_ncc,11:20,11:32,1:55,2:07
Gawr Gura Begins her MINECRAFT Journey! Best Moments! - Hololive EN Highlights [kwoZkGGZlv4].mkv,71,687.0,699.0,5469.0,5481.0,12.0,0.7327,3,audio_mel_ncc,11:27,11:39,1:31:09,1:31:21
Gawr Gura Begins her MINECRAFT Journey! Best Moments! - Hololive EN Highlights [kwoZkGGZlv4].mkv,72,711.0,723.0,1658.0,1670.0,12.0,0.7549,3,audio_mel_ncc,11:51,12:03,27:38,27:50
Gawr Gura Begins her MINECRAFT Journey! Best Moments! - Hololive EN Highlights [kwoZkGGZlv4].mkv,73,717.0,729.0,1664.0,1676.0,12.0,0.8254,3,audio_mel_ncc,11:57,12:09,27:44,27:56
Gawr Gura Begins her MINECRAFT Journey! Best Moments! - Hololive EN Highlights [kwoZkGGZlv4].mkv,74,720.0,732.0,11014.0,11026.0,12.0,0.828,3,audio_mel_ncc,12:00,12:12,3:03:34,3:03:46
Gawr Gura Begins her MINECRAFT Journey! Best Moments! - Hololive EN Highlights [kwoZkGGZlv4].mkv,75,723.0,746.0,4062.0,4085.0,23.0,0.9047,14,audio_mel_ncc,12:03,12:26,1:07:42,1:08:05
Gawr Gura Begins her MINECRAFT Journey! Best Moments! - Hololive EN Highlights [kwoZkGGZlv4].mkv,76,739.0,751.0,6495.0,6507.0,12.0,0.7813,3,audio_mel_ncc,12:19,12:31,1:48:15,1:48:27
Gawr Gura Begins her MINECRAFT Journey! Best Moments! - Hololive EN Highlights [kwoZkGGZlv4].mkv,77,757.0,769.0,6539.0,6551.0,12.0,0.8775,3,audio_mel_ncc,12:37,12:49,1:48:59,1:49:11
Gawr Gura Begins her MINECRAFT Journey! Best Moments! - Hololive EN Highlights [kwoZkGGZlv4].mkv,78,776.0,789.0,4151.0,4164.0,13.0,0.8806,4,audio_mel_ncc,12:56,13:09,1:09:11,1:09:24
Gawr Gura Begins her MINECRAFT Journey! Best Moments! - Hololive EN Highlights [kwoZkGGZlv4].mkv,79,781.0,793.0,65.0,77.0,12.0,0.8449,3,audio_mel_ncc,13:01,13:13,1:05,1:17
Gawr Gura Begins her MINECRAFT Journey! Best Moments! - Hololive EN Highlights [kwoZkGGZlv4].mkv,80,784.0,807.0,5763.0,5786.0,23.0,0.9328,14,audio_mel_ncc,13:04,13:27,1:36:03,1:36:26
Gawr Gura Begins her MINECRAFT Journey! Best Moments! - Hololive EN Highlights [kwoZkGGZlv4].mkv,81,799.0,815.0,5778.0,5794.0,16.0,0.7433,7,audio_mel_ncc,13:19,13:35,1:36:18,1:36:34
Gawr Gura Builds Atlantis - First stream highlights 【HoloEN】【Minecraft】 [ZS6xn7fWIHQ].mkv,1,0.0,14.0,472.0,486.0,14.0,0.831,5,audio_mel_ncc,0:00,0:14,7:52,8:06
Gawr Gura Builds Atlantis - First stream highlights 【HoloEN】【Minecraft】 [ZS6xn7fWIHQ].mkv,2,8.0,28.0,11837.0,11857.0,20.0,0.9087,11,audio_mel_ncc,0:08,0:28,3:17:17,3:17:37
Gawr Gura Builds Atlantis - First stream highlights 【HoloEN】【Minecraft】 [ZS6xn7fWIHQ].mkv,3,21.0,44.0,493.0,516.0,23.0,0.8219,14,audio_mel_ncc,0:21,0:44,8:13,8:36
Gawr Gura Builds Atlantis - First stream highlights 【HoloEN】【Minecraft】 [ZS6xn7fWIHQ].mkv,4,41.0,53.0,6535.0,6547.0,12.0,0.8164,3,audio_mel_ncc,0:41,0:53,1:48:55,1:49:07
Gawr Gura Builds Atlantis - First stream highlights 【HoloEN】【Minecraft】 [ZS6xn7fWIHQ].mkv,5,72.0,84.0,6159.0,6171.0,12.0,0.8103,3,audio_mel_ncc,1:12,1:24,1:42:39,1:42:51
Gawr Gura Builds Atlantis - First stream highlights 【HoloEN】【Minecraft】 [ZS6xn7fWIHQ].mkv,6,77.0,90.0,2696.0,2709.0,13.0,0.8083,4,audio_mel_ncc,1:17,1:30,44:56,45:09
Gawr Gura Builds Atlantis - First stream highlights 【HoloEN】【Minecraft】 [ZS6xn7fWIHQ].mkv,7,96.0,108.0,5022.0,5034.0,12.0,0.6857,3,audio_mel_ncc,1:36,1:48,1:23:42,1:23:54
Gawr Gura Builds Atlantis - First stream highlights 【HoloEN】【Minecraft】 [ZS6xn7fWIHQ].mkv,8,105.0,117.0,5006.0,5018.0,12.0,0.7892,3,audio_mel_ncc,1:45,1:57,1:23:26,1:23:38
Gawr Gura Builds Atlantis - First stream highlights 【HoloEN】【Minecraft】 [ZS6xn7fWIHQ].mkv,9,141.0,154.0,5587.0,5600.0,13.0,0.8202,4,audio_mel_ncc,2:21,2:34,1:33:07,1:33:20
Gawr Gura Builds Atlantis - First stream highlights 【HoloEN】【Minecraft】 [ZS6xn7fWIHQ].mkv,10,145.0,157.0,11502.0,11514.0,12.0,0.8035,3,audio_mel_ncc,2:25,2:37,3:11:42,3:11:54
Gawr Gura Builds Atlantis - First stream highlights 【HoloEN】【Minecraft】 [ZS6xn7fWIHQ].mkv,11,148.0,161.0,3574.0,3587.0,13.0,0.8013,4,audio_mel_ncc,2:28,2:41,59:34,59:47
Gawr Gura Builds Atlantis - First stream highlights 【HoloEN】【Minecraft】 [ZS6xn7fWIHQ].mkv,12,158.0,173.0,4999.0,5014.0,15.0,0.8195,6,audio_mel_ncc,2:38,2:53,1:23:19,1:23:34
Gawr Gura Builds Atlantis - First stream highlights 【HoloEN】【Minecraft】 [ZS6xn7fWIHQ].mkv,13,164.0,177.0,3739.0,3752.0,13.0,0.8325,4,audio_mel_ncc,2:44,2:57,1:02:19,1:02:32
Gawr Gura Builds Atlantis - First stream highlights 【HoloEN】【Minecraft】 [ZS6xn7fWIHQ].mkv,14,172.0,185.0,9853.0,9866.0,13.0,0.8164,4,audio_mel_ncc,2:52,3:05,2:44:13,2:44:26
Gawr Gura Builds Atlantis - First stream highlights 【HoloEN】【Minecraft】 [ZS6xn7fWIHQ].mkv,15,177.0,192.0,5182.0,5197.0,15.0,0.7356,6,audio_mel_ncc,2:57,3:12,1:26:22,1:26:37
Gawr Gura Builds Atlantis - First stream highlights 【HoloEN】【Minecraft】 [ZS6xn7fWIHQ].mkv,16,192.0,205.0,2199.0,2212.0,13.0,0.7346,4,audio_mel_ncc,3:12,3:25,36:39,36:52
Gawr Gura Builds Atlantis - First stream highlights 【HoloEN】【Minecraft】 [ZS6xn7fWIHQ].mkv,17,198.0,211.0,9832.0,9845.0,13.0,0.7536,4,audio_mel_ncc,3:18,3:31,2:43:52,2:44:05
Gawr Gura Builds Atlantis - First stream highlights 【HoloEN】【Minecraft】 [ZS6xn7fWIHQ].mkv,18,206.0,218.0,9845.0,9857.0,12.0,0.7811,3,audio_mel_ncc,3:26,3:38,2:44:05,2:44:17
Gawr Gura Builds Atlantis - First stream highlights 【HoloEN】【Minecraft】 [ZS6xn7fWIHQ].mkv,19,213.0,225.0,5340.0,5352.0,12.0,0.7483,3,audio_mel_ncc,3:33,3:45,1:29:00,1:29:12
Gawr Gura Builds Atlantis - First stream highlights 【HoloEN】【Minecraft】 [ZS6xn7fWIHQ].mkv,20,231.0,252.0,1413.0,1434.0,21.0,0.7653,12,audio_mel_ncc,3:51,4:12,23:33,23:54
Gawr Gura Builds Atlantis - First stream highlights 【HoloEN】【Minecraft】 [ZS6xn7fWIHQ].mkv,21,243.0,262.0,1833.0,1852.0,19.0,0.8193,10,audio_mel_ncc,4:03,4:22,30:33,30:52
Gawr Gura Builds Atlantis - First stream highlights 【HoloEN】【Minecraft】 [ZS6xn7fWIHQ].mkv,22,277.0,294.0,5002.0,5019.0,17.0,0.8071,8,audio_mel_ncc,4:37,4:54,1:23:22,1:23:39
Gawr Gura Builds Atlantis - First stream highlights 【HoloEN】【Minecraft】 [ZS6xn7fWIHQ].mkv,23,285.0,306.0,2531.0,2552.0,21.0,0.853,12,audio_mel_ncc,4:45,5:06,42:11,42:32
Gawr Gura Builds Atlantis - First stream highlights 【HoloEN】【Minecraft】 [ZS6xn7fWIHQ].mkv,24,298.0,310.0,2198.0,2210.0,12.0,0.8192,3,audio_mel_ncc,4:58,5:10,36:38,36:50
Gawr Gura Builds Atlantis - First stream highlights 【HoloEN】【Minecraft】 [ZS6xn7fWIHQ].mkv,25,301.0,313.0,3900.0,3912.0,12.0,0.8249,3,audio_mel_ncc,5:01,5:13,1:05:00,1:05:12
Gawr Gura Builds Atlantis - First stream highlights 【HoloEN】【Minecraft】 [ZS6xn7fWIHQ].mkv,26,320.0,333.0,11835.0,11848.0,13.0,0.824,4,audio_mel_ncc,5:20,5:33,3:17:15,3:17:28
Gawr Gura Builds Atlantis - First stream highlights 【HoloEN】【Minecraft】 [ZS6xn7fWIHQ].mkv,27,327.0,341.0,3997.0,4011.0,14.0,0.8387,5,audio_mel_ncc,5:27,5:41,1:06:37,1:06:51
Gawr Gura Builds Atlantis - First stream highlights 【HoloEN】【Minecraft】 [ZS6xn7fWIHQ].mkv,28,336.0,348.0,3185.0,3197.0,12.0,0.7758,3,audio_mel_ncc,5:36,5:48,53:05,53:17
Gawr Gura Builds Atlantis - First stream highlights 【HoloEN】【Minecraft】 [ZS6xn7fWIHQ].mkv,29,341.0,354.0,11836.0,11849.0,13.0,0.8217,4,audio_mel_ncc,5:41,5:54,3:17:16,3:17:29
Gawr Gura Builds Atlantis - First stream highlights 【HoloEN】【Minecraft】 [ZS6xn7fWIHQ].mkv,30,372.0,384.0,4122.0,4134.0,12.0,0.7884,3,audio_mel_ncc,6:12,6:24,1:08:42,1:08:54
Gawr Gura Builds Atlantis - First stream highlights 【HoloEN】【Minecraft】 [ZS6xn7fWIHQ].mkv,31,382.0,394.0,9850.0,9862.0,12.0,0.7523,3,audio_mel_ncc,6:22,6:34,2:44:10,2:44:22
Gawr Gura Builds Atlantis - First stream highlights 【HoloEN】【Minecraft】 [ZS6xn7fWIHQ].mkv,32,385.0,397.0,9796.0,9808.0,12.0,0.8247,3,audio_mel_ncc,6:25,6:37,2:43:16,2:43:28
Gawr Gura Builds Atlantis - First stream highlights 【HoloEN】【Minecraft】 [ZS6xn7fWIHQ].mkv,33,390.0,403.0,3774.0,3787.0,13.0,0.8418,4,audio_mel_ncc,6:30,6:43,1:02:54,1:03:07
Gawr Gura Builds Atlantis - First stream highlights 【HoloEN】【Minecraft】 [ZS6xn7fWIHQ].mkv,34,404.0,416.0,10742.0,10754.0,12.0,0.6931,3,audio_mel_ncc,6:44,6:56,2:59:02,2:59:14
Gawr Gura Builds Atlantis - First stream highlights 【HoloEN】【Minecraft】 [ZS6xn7fWIHQ].mkv,35,415.0,427.0,1481.0,1493.0,12.0,0.839,3,audio_mel_ncc,6:55,7:07,24:41,24:53
Gawr Gura Builds Atlantis - First stream highlights 【HoloEN】【Minecraft】 [ZS6xn7fWIHQ].mkv,36,424.0,436.0,2256.0,2268.0,12.0,0.8364,3,audio_mel_ncc,7:04,7:16,37:36,37:48
Gawr Gura Builds Atlantis - First stream highlights 【HoloEN】【Minecraft】 [ZS6xn7fWIHQ].mkv,37,432.0,449.0,4349.0,4366.0,17.0,0.8609,8,audio_mel_ncc,7:12,7:29,1:12:29,1:12:46
Gawr Gura Builds Atlantis - First stream highlights 【HoloEN】【Minecraft】 [ZS6xn7fWIHQ].mkv,38,450.0,462.0,6519.0,6531.0,12.0,0.7218,3,audio_mel_ncc,7:30,7:42,1:48:39,1:48:51
Gawr Gura Builds Atlantis - First stream highlights 【HoloEN】【Minecraft】 [ZS6xn7fWIHQ].mkv,39,460.0,474.0,3992.0,4006.0,14.0,0.8197,5,audio_mel_ncc,7:40,7:54,1:06:32,1:06:46
Gawr Gura Builds Atlantis - First stream highlights 【HoloEN】【Minecraft】 [ZS6xn7fWIHQ].mkv,40,468.0,481.0,9778.0,9791.0,13.0,0.7997,4,audio_mel_ncc,7:48,8:01,2:42:58,2:43:11
Gawr Gura Builds Atlantis - First stream highlights 【HoloEN】【Minecraft】 [ZS6xn7fWIHQ].mkv,41,477.0,493.0,9818.0,9834.0,16.0,0.803,7,audio_mel_ncc,7:57,8:13,2:43:38,2:43:54
Gawr Gura Builds Atlantis - First stream highlights 【HoloEN】【Minecraft】 [ZS6xn7fWIHQ].mkv,42,497.0,520.0,5763.0,5786.0,23.0,0.9517,14,audio_mel_ncc,8:17,8:40,1:36:03,1:36:26
Gawr Gura Builds Atlantis - First stream highlights 【HoloEN】【Minecraft】 [ZS6xn7fWIHQ].mkv,43,512.0,524.0,5778.0,5790.0,12.0,0.8265,3,audio_mel_ncc,8:32,8:44,1:36:18,1:36:30
Gawr Gura Builds Atlantis - First stream highlights 【HoloEN】【Minecraft】 [ZS6xn7fWIHQ].mkv,44,515.0,527.0,2199.0,2211.0,12.0,0.7959,3,audio_mel_ncc,8:35,8:47,36:39,36:51
Gawr Gura Builds Atlantis - First stream highlights 【HoloEN】【Minecraft】 [ZS6xn7fWIHQ].mkv,45,530.0,542.0,4917.0,4929.0,12.0,0.8039,3,audio_mel_ncc,8:50,9:02,1:21:57,1:22:09
Gawr Gura Builds Atlantis - First stream highlights 【HoloEN】【Minecraft】 [ZS6xn7fWIHQ].mkv,46,537.0,566.0,11823.0,11852.0,29.0,0.9091,20,audio_mel_ncc,8:57,9:26,3:17:03,3:17:32
Gawr Gura Builds Atlantis - First stream highlights 【HoloEN】【Minecraft】 [ZS6xn7fWIHQ].mkv,47,559.0,571.0,2196.0,2208.0,12.0,0.8143,3,audio_mel_ncc,9:19,9:31,36:36,36:48
Gawr Gura Builds Atlantis - First stream highlights 【HoloEN】【Minecraft】 [ZS6xn7fWIHQ].mkv,48,576.0,588.0,10782.0,10794.0,12.0,0.8185,3,audio_mel_ncc,9:36,9:48,2:59:42,2:59:54
Gawr Gura Builds Atlantis - First stream highlights 【HoloEN】【Minecraft】 [ZS6xn7fWIHQ].mkv,49,579.0,595.0,5833.0,5849.0,16.0,0.8202,7,audio_mel_ncc,9:39,9:55,1:37:13,1:37:29
Gawr Gura Builds Atlantis - First stream highlights 【HoloEN】【Minecraft】 [ZS6xn7fWIHQ].mkv,50,589.0,601.0,5543.0,5555.0,12.0,0.8437,3,audio_mel_ncc,9:49,10:01,1:32:23,1:32:35
Gawr Gura Builds Atlantis - First stream highlights 【HoloEN】【Minecraft】 [ZS6xn7fWIHQ].mkv,51,606.0,618.0,5028.0,5040.0,12.0,0.8141,3,audio_mel_ncc,10:06,10:18,1:23:48,1:24:00
Gawr Gura Builds Atlantis - First stream highlights 【HoloEN】【Minecraft】 [ZS6xn7fWIHQ].mkv,52,625.0,638.0,6484.0,6497.0,13.0,0.8134,4,audio_mel_ncc,10:25,10:38,1:48:04,1:48:17
Gawr Gura Builds Atlantis - First stream highlights 【HoloEN】【Minecraft】 [ZS6xn7fWIHQ].mkv,53,633.0,648.0,6528.0,6543.0,15.0,0.8636,6,audio_mel_ncc,10:33,10:48,1:48:48,1:49:03
Gawr Gura Builds Atlantis - First stream highlights 【HoloEN】【Minecraft】 [ZS6xn7fWIHQ].mkv,54,650.0,663.0,6554.0,6567.0,13.0,0.8034,4,audio_mel_ncc,10:50,11:03,1:49:14,1:49:27
Gawr Gura Builds Atlantis - First stream highlights 【HoloEN】【Minecraft】 [ZS6xn7fWIHQ].mkv,55,655.0,667.0,6646.0,6658.0,12.0,0.8352,3,audio_mel_ncc,10:55,11:07,1:50:46,1:50:58
Gawr Gura Builds Atlantis - First stream highlights 【HoloEN】【Minecraft】 [ZS6xn7fWIHQ].mkv,56,662.0,674.0,7304.0,7316.0,12.0,0.6953,3,audio_mel_ncc,11:02,11:14,2:01:44,2:01:56
Gawr Gura Builds Atlantis - First stream highlights 【HoloEN】【Minecraft】 [ZS6xn7fWIHQ].mkv,57,675.0,688.0,1559.0,1572.0,13.0,0.7688,4,audio_mel_ncc,11:15,11:28,25:59,26:12
Gawr Gura Builds Atlantis - First stream highlights 【HoloEN】【Minecraft】 [ZS6xn7fWIHQ].mkv,58,684.0,697.0,7415.0,7428.0,13.0,0.4286,4,audio_mel_ncc,11:24,11:37,2:03:35,2:03:48
Gawr Gura Builds Atlantis - First stream highlights 【HoloEN】【Minecraft】 [ZS6xn7fWIHQ].mkv,59,722.0,736.0,4159.0,4173.0,14.0,0.7114,5,audio_mel_ncc,12:02,12:16,1:09:19,1:09:33
Gawr Gura Builds Atlantis - First stream highlights 【HoloEN】【Minecraft】 [ZS6xn7fWIHQ].mkv,60,743.0,795.0,8240.0,8292.0,52.0,0.8995,43,audio_mel_ncc,12:23,13:15,2:17:20,2:18:12
Gawr Gura Builds Atlantis - First stream highlights 【HoloEN】【Minecraft】 [ZS6xn7fWIHQ].mkv,61,787.0,799.0,8664.0,8676.0,12.0,0.65,3,audio_mel_ncc,13:07,13:19,2:24:24,2:24:36
Gawr Gura Builds Atlantis - First stream highlights 【HoloEN】【Minecraft】 [ZS6xn7fWIHQ].mkv,62,797.0,810.0,5725.0,5738.0,13.0,0.7733,4,audio_mel_ncc,13:17,13:30,1:35:25,1:35:38
Gawr Gura Builds Atlantis - First stream highlights 【HoloEN】【Minecraft】 [ZS6xn7fWIHQ].mkv,63,803.0,815.0,7349.0,7361.0,12.0,0.8142,3,audio_mel_ncc,13:23,13:35,2:02:29,2:02:41
Gawr Gura Builds Atlantis - First stream highlights 【HoloEN】【Minecraft】 [ZS6xn7fWIHQ].mkv,64,821.0,833.0,9465.0,9477.0,12.0,0.6972,3,audio_mel_ncc,13:41,13:53,2:37:45,2:37:57
Gawr Gura Builds Atlantis - First stream highlights 【HoloEN】【Minecraft】 [ZS6xn7fWIHQ].mkv,65,831.0,843.0,6536.0,6548.0,12.0,0.8523,3,audio_mel_ncc,13:51,14:03,1:48:56,1:49:08
Gawr Gura Builds Atlantis - First stream highlights 【HoloEN】【Minecraft】 [ZS6xn7fWIHQ].mkv,66,840.0,853.0,8573.0,8586.0,13.0,0.8068,4,audio_mel_ncc,14:00,14:13,2:22:53,2:23:06
Gawr Gura Builds Atlantis - First stream highlights 【HoloEN】【Minecraft】 [ZS6xn7fWIHQ].mkv,67,848.0,860.0,6532.0,6544.0,12.0,0.7408,3,audio_mel_ncc,14:08,14:20,1:48:52,1:49:04
Gawr Gura Builds Atlantis - First stream highlights 【HoloEN】【Minecraft】 [ZS6xn7fWIHQ].mkv,68,857.0,869.0,8627.0,8639.0,12.0,0.7221,3,audio_mel_ncc,14:17,14:29,2:23:47,2:23:59
Gawr Gura Builds Atlantis - First stream highlights 【HoloEN】【Minecraft】 [ZS6xn7fWIHQ].mkv,69,861.0,881.0,8631.0,8651.0,20.0,0.8035,11,audio_mel_ncc,14:21,14:41,2:23:51,2:24:11
Gawr Gura Builds Atlantis - First stream highlights 【HoloEN】【Minecraft】 [ZS6xn7fWIHQ].mkv,70,872.0,885.0,5490.0,5503.0,13.0,0.7665,4,audio_mel_ncc,14:32,14:45,1:31:30,1:31:43
Gawr Gura Builds Atlantis - First stream highlights 【HoloEN】【Minecraft】 [ZS6xn7fWIHQ].mkv,71,879.0,898.0,8909.0,8928.0,19.0,0.836,10,audio_mel_ncc,14:39,14:58,2:28:29,2:28:48
Gawr Gura Builds Atlantis - First stream highlights 【HoloEN】【Minecraft】 [ZS6xn7fWIHQ].mkv,72,896.0,916.0,8987.0,9007.0,20.0,0.9018,11,audio_mel_ncc,14:56,15:16,2:29:47,2:30:07
Gawr Gura Builds Atlantis - First stream highlights 【HoloEN】【Minecraft】 [ZS6xn7fWIHQ].mkv,73,916.0,946.0,9079.0,9109.0,30.0,0.8419,21,audio_mel_ncc,15:16,15:46,2:31:19,2:31:49
Gawr Gura Builds Atlantis - First stream highlights 【HoloEN】【Minecraft】 [ZS6xn7fWIHQ].mkv,74,938.0,951.0,9127.0,9140.0,13.0,0.7904,4,audio_mel_ncc,15:38,15:51,2:32:07,2:32:20
Gawr Gura Builds Atlantis - First stream highlights 【HoloEN】【Minecraft】 [ZS6xn7fWIHQ].mkv,75,949.0,961.0,6513.0,6525.0,12.0,0.7019,3,audio_mel_ncc,15:49,16:01,1:48:33,1:48:45
Gawr Gura Builds Atlantis - First stream highlights 【HoloEN】【Minecraft】 [ZS6xn7fWIHQ].mkv,76,955.0,969.0,9303.0,9317.0,14.0,0.6436,5,audio_mel_ncc,15:55,16:09,2:35:03,2:35:17
Gawr Gura Builds Atlantis - First stream highlights 【HoloEN】【Minecraft】 [ZS6xn7fWIHQ].mkv,77,962.0,974.0,3876.0,3888.0,12.0,0.5883,3,audio_mel_ncc,16:02,16:14,1:04:36,1:04:48
Gawr Gura Builds Atlantis - First stream highlights 【HoloEN】【Minecraft】 [ZS6xn7fWIHQ].mkv,78,978.0,991.0,9019.0,9032.0,13.0,0.4382,4,audio_mel_ncc,16:18,16:31,2:30:19,2:30:32
Gawr Gura Builds Atlantis - First stream highlights 【HoloEN】【Minecraft】 [ZS6xn7fWIHQ].mkv,79,984.0,996.0,7078.0,7090.0,12.0,0.4677,3,audio_mel_ncc,16:24,16:36,1:57:58,1:58:10
Gawr Gura Builds Atlantis - First stream highlights 【HoloEN】【Minecraft】 [ZS6xn7fWIHQ].mkv,80,990.0,1003.0,9692.5,9705.5,13.0,0.6943,4,audio_mel_ncc,16:30,16:43,2:41:32,2:41:45
Gawr Gura Builds Atlantis - First stream highlights 【HoloEN】【Minecraft】 [ZS6xn7fWIHQ].mkv,81,995.0,1007.0,9697.0,9709.0,12.0,0.6284,3,audio_mel_ncc,16:35,16:47,2:41:37,2:41:49
Gawr Gura Builds Atlantis - First stream highlights 【HoloEN】【Minecraft】 [ZS6xn7fWIHQ].mkv,82,1016.0,1030.0,7008.0,7022.0,14.0,0.7987,5,audio_mel_ncc,16:56,17:10,1:56:48,1:57:02
Gawr Gura Builds Atlantis - First stream highlights 【HoloEN】【Minecraft】 [ZS6xn7fWIHQ].mkv,83,1025.0,1037.0,7672.0,7684.0,12.0,0.4993,3,audio_mel_ncc,17:05,17:17,2:07:52,2:08:04
Gawr Gura Builds Atlantis - First stream highlights 【HoloEN】【Minecraft】 [ZS6xn7fWIHQ].mkv,84,1034.0,1046.0,9510.0,9522.0,12.0,0.6947,3,audio_mel_ncc,17:14,17:26,2:38:30,2:38:42
Gawr Gura Builds Atlantis - First stream highlights 【HoloEN】【Minecraft】 [ZS6xn7fWIHQ].mkv,85,1047.0,1067.0,10314.0,10334.0,20.0,0.7295,11,audio_mel_ncc,17:27,17:47,2:51:54,2:52:14
Gawr Gura Builds Atlantis - First stream highlights 【HoloEN】【Minecraft】 [ZS6xn7fWIHQ].mkv,86,1070.0,1087.0,11255.0,11272.0,17.0,0.794,8,audio_mel_ncc,17:50,18:07,3:07:35,3:07:52
Gawr Gura Builds Atlantis - First stream highlights 【HoloEN】【Minecraft】 [ZS6xn7fWIHQ].mkv,87,1089.0,1101.0,11249.0,11261.0,12.0,0.7968,3,audio_mel_ncc,18:09,18:21,3:07:29,3:07:41
Gawr Gura Builds Atlantis - First stream highlights 【HoloEN】【Minecraft】 [ZS6xn7fWIHQ].mkv,88,1105.0,1117.0,4979.0,4991.0,12.0,0.8147,3,audio_mel_ncc,18:25,18:37,1:22:59,1:23:11
Gawr Gura Builds Atlantis - First stream highlights 【HoloEN】【Minecraft】 [ZS6xn7fWIHQ].mkv,89,1123.0,1135.0,7086.0,7098.0,12.0,0.7863,3,audio_mel_ncc,18:43,18:55,1:58:06,1:58:18
Gawr Gura Builds Atlantis - First stream highlights 【HoloEN】【Minecraft】 [ZS6xn7fWIHQ].mkv,90,1134.0,1146.0,6536.0,6548.0,12.0,0.8107,3,audio_mel_ncc,18:54,19:06,1:48:56,1:49:08
Gura's First Minecraft Stream ｜ Highlights [DHSnBVGTVes].mkv,1,0.0,176.0,834.0,1010.0,176.0,0.9388,167,audio_mel_ncc,0:00,2:56,13:54,16:50
Gura's First Minecraft Stream ｜ Highlights [DHSnBVGTVes].mkv,2,169.0,183.0,4659.0,4673.0,14.0,0.7693,5,audio_mel_ncc,2:49,3:03,1:17:39,1:17:53
Gura's First Minecraft Stream ｜ Highlights [DHSnBVGTVes].mkv,3,178.0,192.0,6083.0,6097.0,14.0,0.8163,5,audio_mel_ncc,2:58,3:12,1:41:23,1:41:37
Gura's First Minecraft Stream ｜ Highlights [DHSnBVGTVes].mkv,4,183.0,197.0,4673.0,4687.0,14.0,0.7686,5,audio_mel_ncc,3:03,3:17,1:17:53,1:18:07
Gura's First Minecraft Stream ｜ Highlights [DHSnBVGTVes].mkv,5,202.0,216.0,11208.0,11222.0,14.0,0.8545,5,audio_mel_ncc,3:22,3:36,3:06:48,3:07:02
Gura's First Minecraft Stream ｜ Highlights [DHSnBVGTVes].mkv,6,215.0,227.0,2992.0,3004.0,12.0,0.7691,3,audio_mel_ncc,3:35,3:47,49:52,50:04
Gura's First Minecraft Stream ｜ Highlights [DHSnBVGTVes].mkv,7,223.0,235.0,4713.0,4725.0,12.0,0.8424,3,audio_mel_ncc,3:43,3:55,1:18:33,1:18:45
Gura's First Minecraft Stream ｜ Highlights [DHSnBVGTVes].mkv,8,234.0,249.0,4575.0,4590.0,15.0,0.821,6,audio_mel_ncc,3:54,4:09,1:16:15,1:16:30
Gura's First Minecraft Stream ｜ Highlights [DHSnBVGTVes].mkv,9,242.0,254.0,7382.0,7394.0,12.0,0.8049,3,audio_mel_ncc,4:02,4:14,2:03:02,2:03:14
Gura's First Minecraft Stream ｜ Highlights [DHSnBVGTVes].mkv,10,245.0,261.0,87.0,103.0,16.0,0.832,7,audio_mel_ncc,4:05,4:21,1:27,1:43
Gura's First Minecraft Stream ｜ Highlights [DHSnBVGTVes].mkv,11,268.0,294.0,110.0,136.0,26.0,0.853,17,audio_mel_ncc,4:28,4:54,1:50,2:16
Gura's First Minecraft Stream ｜ Highlights [DHSnBVGTVes].mkv,12,290.0,302.0,9860.0,9872.0,12.0,0.7999,3,audio_mel_ncc,4:50,5:02,2:44:20,2:44:32
Gura's First Minecraft Stream ｜ Highlights [DHSnBVGTVes].mkv,13,305.0,317.0,10759.0,10771.0,12.0,0.8444,3,audio_mel_ncc,5:05,5:17,2:59:19,2:59:31
Gura's First Minecraft Stream ｜ Highlights [DHSnBVGTVes].mkv,14,315.0,333.0,4768.0,4786.0,18.0,0.8503,9,audio_mel_ncc,5:15,5:33,1:19:28,1:19:46
Gura's First Minecraft Stream ｜ Highlights [DHSnBVGTVes].mkv,15,326.0,342.0,3364.0,3380.0,16.0,0.8344,7,audio_mel_ncc,5:26,5:42,56:04,56:20
Gura's First Minecraft Stream ｜ Highlights [DHSnBVGTVes].mkv,16,333.0,345.0,785.0,797.0,12.0,0.776,3,audio_mel_ncc,5:33,5:45,13:05,13:17
Gura's First Minecraft Stream ｜ Highlights [DHSnBVGTVes].mkv,17,348.0,361.0,8382.0,8395.0,13.0,0.5882,4,audio_mel_ncc,5:48,6:01,2:19:42,2:19:55
Gura's First Minecraft Stream ｜ Highlights [DHSnBVGTVes].mkv,18,353.0,366.0,10434.0,10447.0,13.0,0.7354,4,audio_mel_ncc,5:53,6:06,2:53:54,2:54:07
Gura's First Minecraft Stream ｜ Highlights [DHSnBVGTVes].mkv,19,360.0,373.0,4085.0,4098.0,13.0,0.5571,4,audio_mel_ncc,6:00,6:13,1:08:05,1:08:18
Gura's First Minecraft Stream ｜ Highlights [DHSnBVGTVes].mkv,20,369.0,382.0,10210.0,10223.0,13.0,0.5155,4,audio_mel_ncc,6:09,6:22,2:50:10,2:50:23
Gura's First Minecraft Stream ｜ Highlights [DHSnBVGTVes].mkv,21,378.0,395.0,6512.0,6529.0,17.0,0.7027,8,audio_mel_ncc,6:18,6:35,1:48:32,1:48:49
Gura's First Minecraft Stream ｜ Highlights [DHSnBVGTVes].mkv,22,415.0,429.0,2678.0,2692.0,14.0,0.5794,5,audio_mel_ncc,6:55,7:09,44:38,44:52
Gura's First Minecraft Stream ｜ Highlights [DHSnBVGTVes].mkv,23,446.0,459.0,7322.0,7335.0,13.0,0.5377,4,audio_mel_ncc,7:26,7:39,2:02:02,2:02:15
Gura's First Minecraft Stream ｜ Highlights [DHSnBVGTVes].mkv,24,454.0,467.0,11261.0,11274.0,13.0,0.6212,4,audio_mel_ncc,7:34,7:47,3:07:41,3:07:54
Gura's First Minecraft Stream ｜ Highlights [DHSnBVGTVes].mkv,25,460.0,472.0,11789.0,11801.0,12.0,0.659,3,audio_mel_ncc,7:40,7:52,3:16:29,3:16:41
Gura's First Minecraft Stream ｜ Highlights [DHSnBVGTVes].mkv,26,466.0,479.0,9382.0,9395.0,13.0,0.5941,4,audio_mel_ncc,7:46,7:59,2:36:22,2:36:35
Gura's First Minecraft Stream ｜ Highlights [DHSnBVGTVes].mkv,27,477.0,489.0,7754.0,7766.0,12.0,0.5762,3,audio_mel_ncc,7:57,8:09,2:09:14,2:09:26
Gura's First Minecraft Stream ｜ Highlights [DHSnBVGTVes].mkv,28,488.0,501.0,6518.0,6531.0,13.0,0.6537,4,audio_mel_ncc,8:08,8:21,1:48:38,1:48:51
Gura's First Minecraft Stream ｜ Highlights [DHSnBVGTVes].mkv,29,494.0,506.0,3411.0,3423.0,12.0,0.7564,3,audio_mel_ncc,8:14,8:26,56:51,57:03
Gura's First Minecraft Stream ｜ Highlights [DHSnBVGTVes].mkv,30,562.0,574.0,413.0,425.0,12.0,0.6602,3,audio_mel_ncc,9:22,9:34,6:53,7:05
Gura's First Minecraft Stream ｜ Highlights [DHSnBVGTVes].mkv,31,569.0,581.0,2856.0,2868.0,12.0,0.6133,3,audio_mel_ncc,9:29,9:41,47:36,47:48
Gura's First Minecraft Stream ｜ Highlights [DHSnBVGTVes].mkv,32,581.0,594.0,7086.0,7099.0,13.0,0.8172,4,audio_mel_ncc,9:41,9:54,1:58:06,1:58:19
Gura's First Minecraft Stream ｜ Highlights [DHSnBVGTVes].mkv,33,586.0,599.0,7085.0,7098.0,13.0,0.774,4,audio_mel_ncc,9:46,9:59,1:58:05,1:58:18
Gura's First Minecraft Stream ｜ Highlights [DHSnBVGTVes].mkv,34,604.0,616.0,4752.0,4764.0,12.0,0.692,3,audio_mel_ncc,10:04,10:16,1:19:12,1:19:24
Gura's First Minecraft Stream ｜ Highlights [DHSnBVGTVes].mkv,35,607.0,623.0,6940.0,6956.0,16.0,0.7021,7,audio_mel_ncc,10:07,10:23,1:55:40,1:55:56
Gura's First Minecraft Stream ｜ Highlights [DHSnBVGTVes].mkv,36,626.0,639.0,8195.0,8208.0,13.0,0.6914,4,audio_mel_ncc,10:26,10:39,2:16:35,2:16:48
Gura's First Minecraft Stream ｜ Highlights [DHSnBVGTVes].mkv,37,644.0,658.0,7293.0,7307.0,14.0,0.7059,5,audio_mel_ncc,10:44,10:58,2:01:33,2:01:47
Gura's First Minecraft Stream ｜ Highlights [DHSnBVGTVes].mkv,38,667.0,679.0,5576.0,5588.0,12.0,0.6932,3,audio_mel_ncc,11:07,11:19,1:32:56,1:33:08
Gura's First Minecraft Stream ｜ Highlights [DHSnBVGTVes].mkv,39,685.0,703.0,6014.0,6032.0,18.0,0.666,9,audio_mel_ncc,11:25,11:43,1:40:14,1:40:32
Gura's First Minecraft Stream ｜ Highlights [DHSnBVGTVes].mkv,40,700.0,713.0,4906.0,4919.0,13.0,0.6544,4,audio_mel_ncc,11:40,11:53,1:21:46,1:21:59
Gura's First Minecraft Stream ｜ Highlights [DHSnBVGTVes].mkv,41,712.0,725.0,4677.0,4690.0,13.0,0.7607,4,audio_mel_ncc,11:52,12:05,1:17:57,1:18:10
Gura's First Minecraft Stream ｜ Highlights [DHSnBVGTVes].mkv,42,722.0,735.0,7084.0,7097.0,13.0,0.8223,4,audio_mel_ncc,12:02,12:15,1:58:04,1:58:17
Gura's First Minecraft Stream ｜ Highlights [DHSnBVGTVes].mkv,43,726.0,738.0,579.0,591.0,12.0,0.7893,3,audio_mel_ncc,12:06,12:18,9:39,9:51
Gura's First Minecraft Stream ｜ Highlights [DHSnBVGTVes].mkv,44,732.0,746.0,6243.0,6257.0,14.0,0.8309,5,audio_mel_ncc,12:12,12:26,1:44:03,1:44:17
Gura's First Minecraft Stream ｜ Highlights [DHSnBVGTVes].mkv,45,747.0,765.0,8260.0,8278.0,18.0,0.6055,9,audio_mel_ncc,12:27,12:45,2:17:40,2:17:58
Gura's First Minecraft Stream ｜ Highlights [DHSnBVGTVes].mkv,46,761.0,774.0,5647.0,5660.0,13.0,0.6426,4,audio_mel_ncc,12:41,12:54,1:34:07,1:34:20
Gura's First Minecraft Stream ｜ Highlights [DHSnBVGTVes].mkv,47,774.0,811.0,8327.0,8364.0,37.0,0.9021,28,audio_mel_ncc,12:54,13:31,2:18:47,2:19:24
Gura's First Minecraft Stream ｜ Highlights [DHSnBVGTVes].mkv,48,806.0,819.0,8609.0,8622.0,13.0,0.8244,4,audio_mel_ncc,13:26,13:39,2:23:29,2:23:42
Gura's First Minecraft Stream ｜ Highlights [DHSnBVGTVes].mkv,49,815.0,828.0,8613.0,8626.0,13.0,0.8154,4,audio_mel_ncc,13:35,13:48,2:23:33,2:23:46
Gura's First Minecraft Stream ｜ Highlights [DHSnBVGTVes].mkv,50,821.0,833.0,2370.0,2382.0,12.0,0.6935,3,audio_mel_ncc,13:41,13:53,39:30,39:42
Gura's First Minecraft Stream ｜ Highlights [DHSnBVGTVes].mkv,51,831.0,853.0,8634.0,8656.0,22.0,0.7754,13,audio_mel_ncc,13:51,14:13,2:23:54,2:24:16
Gura's First Minecraft Stream ｜ Highlights [DHSnBVGTVes].mkv,52,845.0,863.0,8648.0,8666.0,18.0,0.8321,9,audio_mel_ncc,14:05,14:23,2:24:08,2:24:26
Gura's First Minecraft Stream ｜ Highlights [DHSnBVGTVes].mkv,53,854.0,867.0,9859.0,9872.0,13.0,0.7575,4,audio_mel_ncc,14:14,14:27,2:44:19,2:44:32
Gura's First Minecraft Stream ｜ Highlights [DHSnBVGTVes].mkv,54,861.0,875.0,5942.0,5956.0,14.0,0.7489,5,audio_mel_ncc,14:21,14:35,1:39:02,1:39:16
Gura's First Minecraft Stream ｜ Highlights [DHSnBVGTVes].mkv,55,871.0,883.0,5506.0,5518.0,12.0,0.7139,3,audio_mel_ncc,14:31,14:43,1:31:46,1:31:58
Gura's First Minecraft Stream ｜ Highlights [DHSnBVGTVes].mkv,56,877.0,889.0,3042.0,3054.0,12.0,0.6668,3,audio_mel_ncc,14:37,14:49,50:42,50:54
Gura's First Minecraft Stream ｜ Highlights [DHSnBVGTVes].mkv,57,890.0,902.0,6160.0,6172.0,12.0,0.6768,3,audio_mel_ncc,14:50,15:02,1:42:40,1:42:52
Gura's First Minecraft Stream ｜ Highlights [DHSnBVGTVes].mkv,58,904.0,916.0,4529.0,4541.0,12.0,0.7239,3,audio_mel_ncc,15:04,15:16,1:15:29,1:15:41
Gura's First Minecraft Stream ｜ Highlights [DHSnBVGTVes].mkv,59,911.0,923.0,9570.0,9582.0,12.0,0.6021,3,audio_mel_ncc,15:11,15:23,2:39:30,2:39:42
Gura's First Minecraft Stream ｜ Highlights [DHSnBVGTVes].mkv,60,922.0,934.0,3035.0,3047.0,12.0,0.6751,3,audio_mel_ncc,15:22,15:34,50:35,50:47
Gura's First Minecraft Stream ｜ Highlights [DHSnBVGTVes].mkv,61,925.0,938.0,11643.0,11656.0,13.0,0.6146,4,audio_mel_ncc,15:25,15:38,3:14:03,3:14:16
Gura's First Minecraft Stream ｜ Highlights [DHSnBVGTVes].mkv,62,934.0,951.0,8239.0,8256.0,17.0,0.6576,8,audio_mel_ncc,15:34,15:51,2:17:19,2:17:36
Gura's First Minecraft Stream ｜ Highlights [DHSnBVGTVes].mkv,63,961.0,973.0,8553.0,8565.0,12.0,0.6696,3,audio_mel_ncc,16:01,16:13,2:22:33,2:22:45
Gura's First Minecraft Stream ｜ Highlights [DHSnBVGTVes].mkv,64,976.0,990.0,9780.0,9794.0,14.0,0.7249,5,audio_mel_ncc,16:16,16:30,2:43:00,2:43:14
Gura's First Minecraft Stream ｜ Highlights [DHSnBVGTVes].mkv,65,987.0,1000.0,7076.0,7089.0,13.0,0.623,4,audio_mel_ncc,16:27,16:40,1:57:56,1:58:09
Gura's First Minecraft Stream ｜ Highlights [DHSnBVGTVes].mkv,66,994.0,1006.0,10435.0,10447.0,12.0,0.6212,3,audio_mel_ncc,16:34,16:46,2:53:55,2:54:07
Gura's First Minecraft Stream ｜ Highlights [DHSnBVGTVes].mkv,67,1024.0,1036.0,9693.0,9705.0,12.0,0.6994,3,audio_mel_ncc,17:04,17:16,2:41:33,2:41:45
Gura's First Minecraft Stream ｜ Highlights [DHSnBVGTVes].mkv,68,1034.0,1048.0,2526.0,2540.0,14.0,0.7062,5,audio_mel_ncc,17:14,17:28,42:06,42:20
Gura's First Minecraft Stream ｜ Highlights [DHSnBVGTVes].mkv,69,1047.0,1065.0,1772.0,1790.0,18.0,0.7476,9,audio_mel_ncc,17:27,17:45,29:32,29:50
Gura's First Minecraft Stream ｜ Highlights [DHSnBVGTVes].mkv,70,1059.0,1073.0,2196.0,2210.0,14.0,0.8208,5,audio_mel_ncc,17:39,17:53,36:36,36:50
Gura's First Minecraft Stream ｜ Highlights [DHSnBVGTVes].mkv,71,1080.0,1092.0,3253.0,3265.0,12.0,0.717,3,audio_mel_ncc,18:00,18:12,54:13,54:25
Gura's First Minecraft Stream ｜ Highlights [DHSnBVGTVes].mkv,72,1099.0,1111.0,6137.0,6149.0,12.0,0.8727,3,audio_mel_ncc,18:19,18:31,1:42:17,1:42:29
Gura's First Minecraft Stream ｜ Highlights [DHSnBVGTVes].mkv,73,1102.0,1114.0,5544.0,5556.0,12.0,0.9003,3,audio_mel_ncc,18:22,18:34,1:32:24,1:32:36
Gura's First Minecraft Stream ｜ Highlights [DHSnBVGTVes].mkv,74,1110.0,1122.0,4137.0,4149.0,12.0,0.8687,3,audio_mel_ncc,18:30,18:42,1:08:57,1:09:09
Gura's First Minecraft Stream ｜ Highlights [DHSnBVGTVes].mkv,75,1114.0,1126.0,2130.0,2142.0,12.0,0.8053,3,audio_mel_ncc,18:34,18:46,35:30,35:42
Gura's First Minecraft Stream ｜ Highlights [DHSnBVGTVes].mkv,76,1117.0,1129.0,2729.0,2741.0,12.0,0.8413,3,audio_mel_ncc,18:37,18:49,45:29,45:41
Gura's First Minecraft Stream ｜ Highlights [DHSnBVGTVes].mkv,77,1123.0,1139.0,5119.0,5135.0,16.0,0.8143,7,audio_mel_ncc,18:43,18:59,1:25:19,1:25:35
Gura's First Minecraft Stream ｜ Highlights [DHSnBVGTVes].mkv,78,1139.0,1151.0,70.0,82.0,12.0,0.8581,3,audio_mel_ncc,18:59,19:11,1:10,1:22
Gura's First Minecraft Stream ｜ Highlights [DHSnBVGTVes].mkv,79,1143.0,1158.0,74.0,89.0,15.0,0.849,6,audio_mel_ncc,19:03,19:18,1:14,1:29
Gura's First Minecraft Stream ｜ Highlights [DHSnBVGTVes].mkv,80,1153.0,1166.0,6042.0,6055.0,13.0,0.7874,4,audio_mel_ncc,19:13,19:26,1:40:42,1:40:55
Gura's First Minecraft Stream ｜ Highlights [DHSnBVGTVes].mkv,81,1163.0,1181.0,5754.0,5772.0,18.0,0.88,9,audio_mel_ncc,19:23,19:41,1:35:54,1:36:12
Gura's First Minecraft Stream ｜ Highlights [DHSnBVGTVes].mkv,82,1173.0,1196.0,104.0,127.0,23.0,0.8722,14,audio_mel_ncc,19:33,19:56,1:44,2:07
Gura's First Minecraft Stream ｜ Highlights [DHSnBVGTVes].mkv,83,1194.0,1206.0,1271.0,1283.0,12.0,0.7672,3,audio_mel_ncc,19:54,20:06,21:11,21:23
Gura's First Minecraft Stream ｜ Highlights [DHSnBVGTVes].mkv,84,1197.0,1209.0,6503.0,6515.0,12.0,0.7914,3,audio_mel_ncc,19:57,20:09,1:48:23,1:48:35
Gura's First Minecraft Stream ｜ Highlights [DHSnBVGTVes].mkv,85,1206.0,1220.0,11630.0,11644.0,14.0,0.8174,5,audio_mel_ncc,20:06,20:20,3:13:50,3:14:04
Gura's First Minecraft Stream ｜ Highlights [DHSnBVGTVes].mkv,86,1213.0,1230.0,11128.0,11145.0,17.0,0.7448,8,audio_mel_ncc,20:13,20:30,3:05:28,3:05:45
Gura's First Minecraft Stream ｜ Highlights [DHSnBVGTVes].mkv,87,1231.0,1244.0,2694.0,2707.0,13.0,0.8765,4,audio_mel_ncc,20:31,20:44,44:54,45:07
Gura's First Minecraft Stream ｜ Highlights [DHSnBVGTVes].mkv,88,1259.0,1271.0,9859.0,9871.0,12.0,0.8269,3,audio_mel_ncc,20:59,21:11,2:44:19,2:44:31
Gura's First Minecraft Stream ｜ Highlights [DHSnBVGTVes].mkv,89,1269.0,1285.0,9828.0,9844.0,16.0,0.808,7,audio_mel_ncc,21:09,21:25,2:43:48,2:44:04
Gura's First Minecraft Stream ｜ Highlights [DHSnBVGTVes].mkv,90,1277.0,1289.0,11193.0,11205.0,12.0,0.8243,3,audio_mel_ncc,21:17,21:29,3:06:33,3:06:45
Gura's First Minecraft Stream ｜ Highlights [DHSnBVGTVes].mkv,91,1295.0,1307.0,77.0,89.0,12.0,0.7969,3,audio_mel_ncc,21:35,21:47,1:17,1:29
Gura's First Minecraft Stream ｜ Highlights [DHSnBVGTVes].mkv,92,1311.0,1349.0,93.0,131.0,38.0,0.8978,29,audio_mel_ncc,21:51,22:29,1:33,2:11
Gura's First Minecraft Stream ｜ Highlights [DHSnBVGTVes].mkv,93,1340.0,1353.0,9857.0,9870.0,13.0,0.8126,4,audio_mel_ncc,22:20,22:33,2:44:17,2:44:30
Gura's First Minecraft Stream ｜ Highlights [DHSnBVGTVes].mkv,94,1345.0,1358.0,9862.0,9875.0,13.0,0.7551,4,audio_mel_ncc,22:25,22:38,2:44:22,2:44:35
Gura's First Minecraft Stream ｜ Highlights [DHSnBVGTVes].mkv,95,1354.0,1366.0,9858.0,9870.0,12.0,0.766,3,audio_mel_ncc,22:34,22:46,2:44:18,2:44:30
Gura's First Minecraft Stream ｜ Highlights [DHSnBVGTVes].mkv,96,1361.0,1375.0,143.0,157.0,14.0,0.8425,5,audio_mel_ncc,22:41,22:55,2:23,2:37
Gura's First Minecraft Stream ｜ Highlights [DHSnBVGTVes].mkv,97,1376.0,1392.0,2988.0,3004.0,16.0,0.8615,7,audio_mel_ncc,22:56,23:12,49:48,50:04
Gura's First Minecraft Stream ｜ Highlights [DHSnBVGTVes].mkv,98,1383.0,1395.0,4410.0,4422.0,12.0,0.8077,3,audio_mel_ncc,23:03,23:15,1:13:30,1:13:42
Gura's First Minecraft Stream ｜ Highlights [DHSnBVGTVes].mkv,99,1386.0,1398.0,5828.0,5840.0,12.0,0.7499,3,audio_mel_ncc,23:06,23:18,1:37:08,1:37:20
Gura's First Minecraft Stream ｜ Highlights [DHSnBVGTVes].mkv,100,1391.0,1409.0,5833.0,5851.0,18.0,0.8576,9,audio_mel_ncc,23:11,23:29,1:37:13,1:37:31
Gura's First Minecraft Stream ｜ Highlights [DHSnBVGTVes].mkv,101,1402.0,1414.0,9858.0,9870.0,12.0,0.8431,3,audio_mel_ncc,23:22,23:34,2:44:18,2:44:30
Gura's First Minecraft Stream ｜ Highlights [DHSnBVGTVes].mkv,102,1405.0,1417.0,115.0,127.0,12.0,0.8225,3,audio_mel_ncc,23:25,23:37,1:55,2:07
Gura's First Minecraft Stream ｜ Highlights [DHSnBVGTVes].mkv,103,1409.0,1422.0,119.0,132.0,13.0,0.8146,4,audio_mel_ncc,23:29,23:42,1:59,2:12
Gura's First Minecraft Stream ｜ Highlights [DHSnBVGTVes].mkv,104,1425.0,1439.0,11340.0,11354.0,14.0,0.7283,5,audio_mel_ncc,23:45,23:59,3:09:00,3:09:14
Gura's First Minecraft Stream ｜ Highlights [DHSnBVGTVes].mkv,105,1435.0,1458.0,11837.0,11860.0,23.0,0.9218,14,audio_mel_ncc,23:55,24:18,3:17:17,3:17:40
Gura's First Minecraft Stream ｜ Highlights [DHSnBVGTVes].mkv,106,1449.0,1462.0,2058.0,2071.0,13.0,0.9496,4,audio_mel_ncc,24:09,24:22,34:18,34:31
Gura's First Minecraft Stream ｜ Highlights [DHSnBVGTVes].mkv,107,1453.0,1478.0,11855.0,11880.0,25.0,0.9303,16,audio_mel_ncc,24:13,24:38,3:17:35,3:18:00
Gura's First Minecraft Stream ｜ Highlights [DHSnBVGTVes].mkv,108,1470.0,1487.0,11872.0,11889.0,17.0,0.8109,8,audio_mel_ncc,24:30,24:47,3:17:52,3:18:09
